{
    "seed": 42,
    "img_size": [
        224,
        224
    ],
    "batch_size": 32,
    "epochs": 10,
    "split_ratio": {
        "train": 0.7,
        "validation": 0.15,
        "test": 0.15
    },
    "dataset_split": {
        "Potato___Early_blight": {
            "train": 700,
            "validation": 150,
            "test": 150
        },
        "Potato___Late_blight": {
            "train": 700,
            "validation": 150,
            "test": 150
        },
        "Potato___healthy": {
            "train": 106,
            "validation": 22,
            "test": 24
        }
    },
    "class_indices": {
        "Potato___Early_blight": 0,
        "Potato___Late_blight": 1,
        "Potato___healthy": 2
    },
    "class_weight": {
        "0": 0.7171428571428572,
        "1": 0.7171428571428572,
        "2": 4.735849056603773
    },
    "test_loss": 0.12409205734729767,
    "test_accuracy": 0.9506173133850098,
    "confusion_matrix": [
        [
            148,
            2,
            0
        ],
        [
            5,
            136,
            9
        ],
        [
            0,
            0,
            24
        ]
    ],
    "classification_report": {
        "Potato___Early_blight": {
            "precision": 0.9673202614379085,
            "recall": 0.9866666666666667,
            "f1-score": 0.976897689768977,
            "support": 150.0
        },
        "Potato___Late_blight": {
            "precision": 0.9855072463768116,
            "recall": 0.9066666666666666,
            "f1-score": 0.9444444444444444,
            "support": 150.0
        },
        "Potato___healthy": {
            "precision": 0.7272727272727273,
            "recall": 1.0,
            "f1-score": 0.8421052631578947,
            "support": 24.0
        },
        "accuracy": 0.9506172839506173,
        "macro avg": {
            "precision": 0.8933667450291493,
            "recall": 0.9644444444444445,
            "f1-score": 0.9211491324571054,
            "support": 324.0
        },
        "weighted avg": {
            "precision": 0.9579588630455355,
            "recall": 0.9506172839506173,
            "f1-score": 0.9518884149623539,
            "support": 324.0
        }
    }
}